A;T;C;G;A+T;C+G
13;17;9;11;30;20
13;17;9;11;30;20
14;17;9;10;31;19
15;17;8;10;32;18
15;16;8;11;31;19
16;15;8;11;31;19
16;14;8;12;30;20
16;14;8;12;30;20
16;14;7;13;30;20
15;15;7;13;30;20
15;14;8;13;29;21
15;14;8;13;29;21
15;14;7;14;29;21
16;13;7;14;29;21
16;14;7;13;30;20
16;14;7;13;30;20
16;14;6;14;30;20
16;13;7;14;29;21
17;13;7;13;30;20
17;13;6;14;30;20
16;13;7;14;29;21
15;14;7;14;29;21
15;15;6;14;30;20
15;15;7;13;30;20
15;16;7;12;31;19
15;16;7;12;31;19
16;16;6;12;32;18
16;16;6;12;32;18
15;16;7;12;31;19
15;16;7;12;31;19
14;16;7;13;30;20
14;15;7;14;29;21
14;16;7;13;30;20
14;16;7;13;30;20
15;16;6;13;31;19
15;15;7;13;30;20
15;15;7;13;30;20
15;15;7;13;30;20
15;15;7;13;30;20
15;14;8;13;29;21
15;14;9;12;29;21
15;13;9;13;28;22
15;14;9;12;29;21
15;14;9;12;29;21
15;14;9;12;29;21
15;13;9;13;28;22
15;13;9;13;28;22
15;13;9;13;28;22
15;13;9;13;28;22
15;13;9;13;28;22
14;14;9;13;28;22
13;15;9;13;28;22
13;15;9;13;28;22
13;15;9;13;28;22
14;15;9;12;29;21
14;15;9;12;29;21
14;16;9;11;30;20
14;16;9;11;30;20
14;17;9;10;31;19
14;17;9;10;31;19
15;17;8;10;32;18
15;17;8;10;32;18
15;18;8;9;33;17
14;18;8;10;32;18
15;17;8;10;32;18
14;17;9;10;31;19
14;18;9;9;32;18
14;19;8;9;33;17
14;19;8;9;33;17
14;19;8;9;33;17
14;19;7;10;33;17
14;19;7;10;33;17
14;18;8;10;32;18
15;18;7;10;33;17
15;17;8;10;32;18
15;18;8;9;33;17
15;18;8;9;33;17
15;18;8;9;33;17
16;18;7;9;34;16
16;18;7;9;34;16
17;18;7;8;35;15
17;18;8;7;35;15
17;18;8;7;35;15
17;18;8;7;35;15
16;19;8;7;35;15
17;19;7;7;36;14
18;19;6;7;37;13
18;18;7;7;36;14
18;18;8;6;36;14
19;18;7;6;37;13
20;18;6;6;38;12
20;19;6;5;39;11
21;18;6;5;39;11
21;19;6;4;40;10
21;19;6;4;40;10
21;19;6;4;40;10
21;18;6;5;39;11
20;18;7;5;38;12
20;18;7;5;38;12
19;19;7;5;38;12
20;18;7;5;38;12
20;17;7;6;37;13
19;17;8;6;36;14
18;17;8;7;35;15
17;17;9;7;34;16
17;17;9;7;34;16
17;16;10;7;33;17
18;15;10;7;33;17
18;14;10;8;32;18
19;13;10;8;32;18
18;13;11;8;31;19
19;12;11;8;31;19
19;11;11;9;30;20
20;11;11;8;31;19
19;12;11;8;31;19
20;12;10;8;32;18
21;11;10;8;32;18
22;10;10;8;32;18
22;10;10;8;32;18
23;10;10;7;33;17
23;11;10;6;34;16
23;11;10;6;34;16
24;11;9;6;35;15
23;11;10;6;34;16
24;11;9;6;35;15
24;10;9;7;34;16
24;10;9;7;34;16
23;10;9;8;33;17
22;11;9;8;33;17
23;10;9;8;33;17
22;10;10;8;32;18
23;10;9;8;33;17
23;9;10;8;32;18
24;8;10;8;32;18
25;7;10;8;32;18
24;7;11;8;31;19
24;7;11;8;31;19
24;8;10;8;32;18
24;8;10;8;32;18
23;8;11;8;31;19
23;8;11;8;31;19
23;8;11;8;31;19
22;8;11;9;30;20
23;7;11;9;30;20
23;7;11;9;30;20
24;7;11;8;31;19
24;7;12;7;31;19
24;7;11;8;31;19
23;7;12;8;30;20
24;6;12;8;30;20
23;7;12;8;30;20
23;8;12;7;31;19
24;8;11;7;32;18
24;8;11;7;32;18
24;8;11;7;32;18
24;8;11;7;32;18
24;8;11;7;32;18
23;8;12;7;31;19
24;8;12;6;32;18
23;8;13;6;31;19
23;8;13;6;31;19
23;8;13;6;31;19
23;9;13;5;32;18
22;10;13;5;32;18
23;9;13;5;32;18
22;9;14;5;31;19
21;9;15;5;30;20
21;9;15;5;30;20
20;9;16;5;29;21
19;9;17;5;28;22
20;8;17;5;28;22
20;7;18;5;27;23
19;7;19;5;26;24
20;7;18;5;27;23
19;8;18;5;27;23
19;8;19;4;27;23
19;8;19;4;27;23
19;8;20;3;27;23
19;7;21;3;26;24
19;7;21;3;26;24
19;8;20;3;27;23
18;9;20;3;27;23
19;9;19;3;28;22
18;9;20;3;27;23
17;9;21;3;26;24
18;9;20;3;27;23
17;9;21;3;26;24
18;8;21;3;26;24
18;8;20;4;26;24
18;8;19;5;26;24
17;9;19;5;26;24
18;8;19;5;26;24
19;8;19;4;27;23
18;8;20;4;26;24
17;8;20;5;25;25
16;8;20;6;24;26
16;9;19;6;25;25
16;9;19;6;25;25
16;9;19;6;25;25
15;9;19;7;24;26
15;8;19;8;23;27
15;7;19;9;22;28
14;7;20;9;21;29
14;8;20;8;22;28
14;8;19;9;22;28
14;8;19;9;22;28
14;8;19;9;22;28
14;8;18;10;22;28
13;8;19;10;21;29
13;8;18;11;21;29
13;9;17;11;22;28
13;9;17;11;22;28
13;8;18;11;21;29
14;7;18;11;21;29
13;7;18;12;20;30
13;7;17;13;20;30
14;7;16;13;21;29
14;7;16;13;21;29
15;7;15;13;22;28
15;7;15;13;22;28
15;7;15;13;22;28
15;7;15;13;22;28
16;7;14;13;23;27
15;7;14;14;22;28
16;6;14;14;22;28
17;6;13;14;23;27
17;6;13;14;23;27
18;6;12;14;24;26
19;6;11;14;25;25
19;6;11;14;25;25
19;5;11;15;24;26
19;4;12;15;23;27
18;4;13;15;22;28
18;4;13;15;22;28
18;4;12;16;22;28
17;4;13;16;21;29
18;4;12;16;22;28
17;4;13;16;21;29
17;4;14;15;21;29
17;5;14;14;22;28
17;4;14;15;21;29
17;4;14;15;21;29
16;4;15;15;20;30
17;4;14;15;21;29
17;4;14;15;21;29
17;5;14;14;22;28
17;4;14;15;21;29
17;4;15;14;21;29
17;4;14;15;21;29
17;4;14;15;21;29
17;4;14;15;21;29
17;4;15;14;21;29
17;5;14;14;22;28
17;5;14;14;22;28
17;6;14;13;23;27
16;7;14;13;23;27
16;8;13;13;24;26
16;9;13;12;25;25
16;10;12;12;26;24
16;11;12;11;27;23
16;11;12;11;27;23
15;11;13;11;26;24
15;11;12;12;26;24
15;11;12;12;26;24
15;11;13;11;26;24
15;11;14;10;26;24
15;11;14;10;26;24
15;11;14;10;26;24
15;11;14;10;26;24
15;11;13;11;26;24
14;11;13;12;25;25
14;12;12;12;26;24
14;12;12;12;26;24
15;12;12;11;27;23
14;12;13;11;26;24
13;12;13;12;25;25
13;12;13;12;25;25
12;12;13;13;24;26
11;12;13;14;23;27
10;13;13;14;23;27
11;13;13;13;24;26
12;13;12;13;25;25
12;13;12;13;25;25
13;13;11;13;26;24
14;13;11;12;27;23
14;13;11;12;27;23
13;13;12;12;26;24
14;13;11;12;27;23
14;14;10;12;28;22
14;13;10;13;27;23
14;13;11;12;27;23
13;13;11;13;26;24
14;13;10;13;27;23
13;13;10;14;26;24
13;14;10;13;27;23
13;13;10;14;26;24
13;14;10;13;27;23
13;15;9;13;28;22
13;15;9;13;28;22
14;15;9;12;29;21
15;15;9;11;30;20
15;15;8;12;30;20
15;15;8;12;30;20
15;15;8;12;30;20
15;14;9;12;29;21
15;13;9;13;28;22
15;12;9;14;27;23
15;11;10;14;26;24
15;10;10;15;25;25
15;9;10;16;24;26
15;9;10;16;24;26
16;9;9;16;25;25
16;9;10;15;25;25
16;9;10;15;25;25
16;10;9;15;26;24
16;10;9;15;26;24
16;10;9;15;26;24
15;10;9;16;25;25
14;11;9;16;25;25
14;11;9;16;25;25
14;11;9;16;25;25
14;10;10;16;24;26
14;10;10;16;24;26
14;10;10;16;24;26
15;10;9;16;25;25
15;11;9;15;26;24
14;11;9;16;25;25
14;11;10;15;25;25
15;11;10;14;26;24
15;10;10;15;25;25
15;10;10;15;25;25
15;10;10;15;25;25
15;10;10;15;25;25
14;10;10;16;24;26
13;11;10;16;24;26
13;12;9;16;25;25
13;13;8;16;26;24
12;14;8;16;26;24
12;13;9;16;25;25
12;14;9;15;26;24
12;14;8;16;26;24
12;14;9;15;26;24
11;14;9;16;25;25
11;15;9;15;26;24
11;14;9;16;25;25
11;15;9;15;26;24
11;15;9;15;26;24
11;14;9;16;25;25
11;14;10;15;25;25
10;14;11;15;24;26
9;14;11;16;23;27
10;14;11;15;24;26
10;14;11;15;24;26
11;13;11;15;24;26
11;14;10;15;25;25
11;15;10;14;26;24
11;15;11;13;26;24
11;16;10;13;27;23
11;16;10;13;27;23
11;16;10;13;27;23
12;15;10;13;27;23
12;15;10;13;27;23
13;15;9;13;28;22
12;15;9;14;27;23
12;14;10;14;26;24
13;14;9;14;27;23
13;14;9;14;27;23
13;15;9;13;28;22
13;14;9;14;27;23
13;14;10;13;27;23
13;14;11;12;27;23
14;14;10;12;28;22
13;14;10;13;27;23
12;14;10;14;26;24
11;14;11;14;25;25
12;13;11;14;25;25
12;13;11;14;25;25
12;13;10;15;25;25
11;13;10;16;24;26
11;13;10;16;24;26
10;13;11;16;23;27
10;13;11;16;23;27
10;13;10;17;23;27
10;13;10;17;23;27
10;13;10;17;23;27
10;12;10;18;22;28
10;11;10;19;21;29
10;10;11;19;20;30
10;10;11;19;20;30
11;9;11;19;20;30
11;9;12;18;20;30
11;9;12;18;20;30
11;9;12;18;20;30
11;9;12;18;20;30
11;9;13;17;20;30
11;8;14;17;19;31
11;8;14;17;19;31
11;8;15;16;19;31
11;9;14;16;20;30
11;9;14;16;20;30
11;10;14;15;21;29
10;10;14;16;20;30
10;9;15;16;19;31
9;9;16;16;18;32
9;8;17;16;17;33
9;7;18;16;16;34
9;7;18;16;16;34
9;6;18;17;15;35
9;6;19;16;15;35
9;6;20;15;15;35
9;6;20;15;15;35
9;6;20;15;15;35
9;6;20;15;15;35
10;6;20;14;16;34
10;7;19;14;17;33
9;7;20;14;16;34
9;7;20;14;16;34
9;6;21;14;15;35
9;6;22;13;15;35
10;6;21;13;16;34
11;6;20;13;17;33
10;6;21;13;16;34
10;6;22;12;16;34
11;6;22;11;17;33
11;6;22;11;17;33
10;6;23;11;16;34
10;7;23;10;17;33
10;7;23;10;17;33
10;7;23;10;17;33
10;8;23;9;18;32
10;8;22;10;18;32
9;8;22;11;17;33
9;8;23;10;17;33
9;8;23;10;17;33
10;7;23;10;17;33
10;8;23;9;18;32
10;8;23;9;18;32
11;8;22;9;19;31
11;9;21;9;20;30
10;10;21;9;20;30
10;10;20;10;20;30
11;10;19;10;21;29
12;10;19;9;22;28
13;9;19;9;22;28
14;9;18;9;23;27
15;9;17;9;24;26
16;8;17;9;24;26
16;8;17;9;24;26
16;7;18;9;23;27
17;7;17;9;24;26
17;7;17;9;24;26
17;8;17;8;25;25
18;8;16;8;26;24
18;8;15;9;26;24
18;8;15;9;26;24
18;8;14;10;26;24
18;8;13;11;26;24
18;8;14;10;26;24
18;8;14;10;26;24
19;8;13;10;27;23
18;8;13;11;26;24
17;8;13;12;25;25
17;8;13;12;25;25
16;9;13;12;25;25
16;8;13;13;24;26
16;8;13;13;24;26
15;9;13;13;24;26
15;10;12;13;25;25
15;11;11;13;26;24
15;11;11;13;26;24
14;11;12;13;25;25
14;11;12;13;25;25
14;11;12;13;25;25
14;11;12;13;25;25
15;11;11;13;26;24
15;12;10;13;27;23
16;11;10;13;27;23
16;12;10;12;28;22
16;12;11;11;28;22
17;11;11;11;28;22
17;11;11;11;28;22
17;11;12;10;28;22
17;11;11;11;28;22
18;11;11;10;29;21
17;12;11;10;29;21
17;11;11;11;28;22
17;11;12;10;28;22
16;11;13;10;27;23
16;10;13;11;26;24
17;9;13;11;26;24
18;9;13;10;27;23
17;9;14;10;26;24
16;9;14;11;25;25
15;10;14;11;25;25
15;10;14;11;25;25
14;11;14;11;25;25
13;12;14;11;25;25
13;13;13;11;26;24
13;14;12;11;27;23
12;15;12;11;27;23
12;14;12;12;26;24
12;13;13;12;25;25
11;13;14;12;24;26
11;13;14;12;24;26
12;13;13;12;25;25
13;13;13;11;26;24
13;13;14;10;26;24
13;14;13;10;27;23
13;15;12;10;28;22
12;16;12;10;28;22
12;17;12;9;29;21
12;17;12;9;29;21
12;17;12;9;29;21
12;16;13;9;28;22
12;16;13;9;28;22
12;16;12;10;28;22
12;15;12;11;27;23
13;14;12;11;27;23
13;13;13;11;26;24
12;14;13;11;26;24
12;14;13;11;26;24
12;14;12;12;26;24
12;14;12;12;26;24
11;14;13;12;25;25
10;14;13;13;24;26
10;13;14;13;23;27
9;13;15;13;22;28
9;12;15;14;21;29
9;12;15;14;21;29
8;12;16;14;20;30
8;12;17;13;20;30
9;12;16;13;21;29
9;12;16;13;21;29
8;12;17;13;20;30
8;11;18;13;19;31
8;11;18;13;19;31
8;11;17;14;19;31
8;11;16;15;19;31
8;11;16;15;19;31
7;12;16;15;19;31
6;13;16;15;19;31
6;13;16;15;19;31
6;13;17;14;19;31
6;12;18;14;18;32
5;12;18;15;17;33
5;11;19;15;16;34
5;11;19;15;16;34
5;10;19;16;15;35
5;9;19;17;14;36
5;8;20;17;13;37
5;8;20;17;13;37
